Time(s),PedalState,FinalTorque(Nm),EngineRPM,WheelAngVel(rad/s),CarVelocityX,Acceleration(g),Grip State
8.2e-05,0,0,0,0,0,0,GRIPPING
0.016085,0,0,0,0,0,0,GRIPPING
0.032844,0,0,0,0,0,0,GRIPPING
0.049555,0,0,0,0,0,0,GRIPPING
0.066297,0,0,0,0,0,0,GRIPPING
0.083014,0,0,0,0,0,0,GRIPPING
0.099798,0,0,0,0,0,0,GRIPPING
0.116534,0,0,0,0,0,0,GRIPPING
0.133253,0,0,0,0,0,0,GRIPPING
0.149978,0,0,0,0,0,0,GRIPPING
0.166722,0,0,0,0,0,0,GRIPPING
0.183457,0,0,0,0,0,0,GRIPPING
0.200175,0,0,0,0,0,0,GRIPPING
0.216917,0,0,0,0,0,0,GRIPPING
0.233648,0,0,0,0,0,0,GRIPPING
0.250371,0,0,0,0,0,0,GRIPPING
0.267094,0,0,0,0,0,0,GRIPPING
0.283853,0,0,0,0,0,0,GRIPPING
0.300588,0,0,0,0,0,0,GRIPPING
0.317312,0,0,0,0,0,0,GRIPPING
0.334036,0,0,0,0,0,0,GRIPPING
0.350803,0,0,0,0,0,0,GRIPPING
0.367686,0,0,0,0,0,0,GRIPPING
0.384436,0,0,0,0,0,0,GRIPPING
0.401179,0,0,0,0,0,0,GRIPPING
0.417905,0,0,0,0,0,0,GRIPPING
0.434662,0,0,0,0,0,0,GRIPPING
0.451468,0,0,0,0,0,0,GRIPPING
0.468212,0,0,0,0,0,0,GRIPPING
0.484933,0,0,0,0,0,0,GRIPPING
0.501659,0,0,0,0,0,0,GRIPPING
0.518383,0,0,0,0,0,0,GRIPPING
0.535114,0,0,0,0,0,0,GRIPPING
0.551855,0,0,0,0,0,0,GRIPPING
0.568589,0,0,0,0,0,0,GRIPPING
0.585309,0,0,0,0,0,0,GRIPPING
0.60204,0,0,0,0,0,0,GRIPPING
0.618772,0,0,0,0,0,0,GRIPPING
0.635525,0,0,0,0,0,0,GRIPPING
0.652271,0,0,0,0,0,0,GRIPPING
0.669,0,0,0,0,0,0,GRIPPING
0.685753,0,0,0,0,0,0,GRIPPING
0.70252,0,0,0,0,0,0,GRIPPING
0.719248,0,0,0,0,0,0,GRIPPING
0.736011,0,0,0,0,0,0,GRIPPING
0.752837,0,0,0,0,0,0,GRIPPING
0.769643,0,0,0,0,0,0,GRIPPING
0.786435,0,0,0,0,0,0,GRIPPING
0.803163,0,0,0,0,0,0,GRIPPING
0.819886,0,0,0,0,0,0,GRIPPING
0.836643,0,0,0,0,0,0,GRIPPING
0.853365,0,0,0,0,0,0,GRIPPING
0.870089,0,0,0,0,0,0,GRIPPING
0.886852,0,0,0,0,0,0,GRIPPING
0.903584,0,0,0,0,0,0,GRIPPING
0.920334,0,0,0,0,0,0,GRIPPING
0.937058,0,0,0,0,0,0,GRIPPING
0.953829,0,0,0,0,0,0,GRIPPING
0.970576,0,0,0,0,0,0,GRIPPING
0.987308,0,0,0,0,0,0,GRIPPING
1.00402,0,0,0,0,0,0,GRIPPING
1.02075,0,0,0,0,0,0,GRIPPING
1.03749,0,0,0,0,0,0,GRIPPING
1.05421,0,0,0,0,0,0,GRIPPING
1.07094,0,0,0,0,0,0,GRIPPING
1.08766,0,0,0,0,0,0,GRIPPING
1.10438,0,0,0,0,0,0,GRIPPING
1.1211,0,0,0,0,0,0,GRIPPING
1.13782,0,0,0,0,0,0,GRIPPING
1.15456,0,0,0,0,0,0,GRIPPING
1.17129,0,0,0,0,0,0,GRIPPING
1.18801,0,0,0,0,0,0,GRIPPING
1.20475,0,0,0,0,0,0,GRIPPING
1.22148,0,0,0,0,0,0,GRIPPING
1.23821,0,0,0,0,0,0,GRIPPING
1.25508,0,0,0,0,0,0,GRIPPING
1.27185,0,0,0,0,0,0,GRIPPING
1.28864,0,0,0,0,0,0,GRIPPING
1.30545,0,0,0,0,0,0,GRIPPING
1.32217,0,0,0,0,0,0,GRIPPING
1.33889,0,0,0,0,0,0,GRIPPING
1.35563,0,0,0,0,0,0,GRIPPING
1.37237,0,0,0,0,0,0,GRIPPING
1.38909,0,0,0,0,0,0,GRIPPING
1.40582,0,0,0,0,0,0,GRIPPING
1.42254,0,0,0,0,0,0,GRIPPING
1.43926,0,0,0,0,0,0,GRIPPING
1.456,0,0,0,0,0,0,GRIPPING
1.47274,0,0,0,0,0,0,GRIPPING
1.48946,0,0,0,0,0,0,GRIPPING
1.50619,0,0,0,0,0,0,GRIPPING
1.52293,0,0,0,0,0,0,GRIPPING
1.53967,0,0,0,0,0,0,GRIPPING
1.55639,0,0,0,0,0,0,GRIPPING
1.57311,0,0,0,0,0,0,GRIPPING
1.58982,0,0,0,0,0,0,GRIPPING
1.60655,0,0,0,0,0,0,GRIPPING
1.62329,0,0,0,0,0,0,GRIPPING
1.64001,0,0,0,0,0,0,GRIPPING
1.65675,0,0,0,0,0,0,GRIPPING
1.67348,0,0,0,0,0,0,GRIPPING
1.69024,0,0,0,0,0,0,GRIPPING
1.70697,0,0,0,0,0,0,GRIPPING
1.72374,0,0,0,0,0,0,GRIPPING
1.74058,0,0,0,0,0,0,GRIPPING
1.75734,0,0,0,0,0,0,GRIPPING
1.77412,0,0,0,0,0,0,GRIPPING
1.79089,0,0,0,0,0,0,GRIPPING
1.80764,0,0,0,0,0,0,GRIPPING
1.8244,0,0,0,0,0,0,GRIPPING
1.84112,0,0,0,0,0,0,GRIPPING
1.85787,0,0,0,0,0,0,GRIPPING
1.87463,0,0,0,0,0,0,GRIPPING
1.89145,0,0,0,0,0,0,GRIPPING
1.90818,0,0,0,0,0,0,GRIPPING
1.9249,0,0,0,0,0,0,GRIPPING
1.94167,0,0,0,0,0,0,GRIPPING
1.9584,0,0,0,0,0,0,GRIPPING
1.97513,0,0,0,0,0,0,GRIPPING
1.99193,0,0,0,0,0,0,GRIPPING
2.00869,0,0,0,0,0,0,GRIPPING
2.02545,0,0,0,0,0,0,GRIPPING
2.04216,0,0,0,0,0,0,GRIPPING
2.05889,0,0,0,0,0,0,GRIPPING
2.07562,0,0,0,0,0,0,GRIPPING
2.09236,0,0,0,0,0,0,GRIPPING
2.10907,0,0,0,0,0,0,GRIPPING
2.1258,0,0,0,0,0,0,GRIPPING
2.14254,0,0,0,0,0,0,GRIPPING
2.15928,0,0,0,0,0,0,GRIPPING
2.17599,0,0,0,0,0,0,GRIPPING
2.19272,0,0,0,0,0,0,GRIPPING
2.20944,0,0,0,0,0,0,GRIPPING
2.22616,0,0,0,0,0,0,GRIPPING
2.24289,0,0,0,0,0,0,GRIPPING
2.25964,0,0,0,0,0,0,GRIPPING
2.27635,0,0,0,0,0,0,GRIPPING
2.29308,0,0,0,0,0,0,GRIPPING
2.30984,0,0,0,0,0,0,GRIPPING
2.32654,0,0,0,0,0,0,GRIPPING
2.34328,0,0,0,0,0,0,GRIPPING
2.36002,0,0,0,0,0,0,GRIPPING
2.37676,0,0,0,0,0,0,GRIPPING
2.39348,0,0,0,0,0,0,GRIPPING
2.4102,0,0,0,0,0,0,GRIPPING
2.42692,0,0,0,0,0,0,GRIPPING
2.44366,0,0,0,0,0,0,GRIPPING
2.46041,0,0,0,0,0,0,GRIPPING
2.47713,0,0,0,0,0,0,GRIPPING
2.49383,0,0,0,0,0,0,GRIPPING
2.5106,0,0,0,0,0,0,GRIPPING
2.52732,0,0,0,0,0,0,GRIPPING
2.54405,0,0,0,0,0,0,GRIPPING
2.5608,0,0,0,0,0,0,GRIPPING
2.57752,0,0,0,0,0,0,GRIPPING
2.59428,0,0,0,0,0,0,GRIPPING
2.61101,0,0,0,0,0,0,GRIPPING
2.62777,0,0,0,0,0,0,GRIPPING
2.64454,0,0,0,0,0,0,GRIPPING
2.66127,0,0,0,0,0,0,GRIPPING
2.67803,0,0,0,0,0,0,GRIPPING
2.69481,0,0,0,0,0,0,GRIPPING
2.71158,0,0,0,0,0,0,GRIPPING
2.7283,0,0,0,0,0,0,GRIPPING
2.74504,0,0,0,0,0,0,GRIPPING
2.76181,0,0,0,0,0,0,GRIPPING
2.77853,0,0,0,0,0,0,GRIPPING
2.79528,0,0,0,0,0,0,GRIPPING
2.812,0,0,0,0,0,0,GRIPPING
2.82874,0,0,0,0,0,0,GRIPPING
2.868,0,0,0,0,0,0,GRIPPING
2.88475,0,0,0,0,0,0,GRIPPING
2.90148,0,0,0,0,0,0,GRIPPING
2.91821,0,0,0,0,0,0,GRIPPING
2.93495,0,0,0,0,0,0,GRIPPING
2.95166,0,0,0,0,0,0,GRIPPING
2.96839,0,0,0,0,0,0,GRIPPING
2.98511,0,0,0,0,0,0,GRIPPING
3.00185,0,0,0,0,0,0,GRIPPING
3.01856,0,0,0,0,0,0,GRIPPING
3.03537,0,0,0,0,0,0,GRIPPING
3.05209,0,0,0,0,0,0,GRIPPING
3.06883,0,0,0,0,0,0,GRIPPING
3.08564,0,0,0,0,0,0,GRIPPING
3.10238,0,0,0,0,0,0,GRIPPING
3.11912,0,0,0,0,0,0,GRIPPING
3.13584,0,0,0,0,0,0,GRIPPING
3.15256,0,0,0,0,0,0,GRIPPING
3.1693,0,0,0,0,0,0,GRIPPING
3.18602,0,0,0,0,0,0,GRIPPING
3.20277,0,0,0,0,0,0,GRIPPING
3.21954,0,0,0,0,0,0,GRIPPING
3.23628,0,0,0,0,0,0,GRIPPING
3.253,0,0,0,0,0,0,GRIPPING
3.26972,0,0,0,0,0,0,GRIPPING
3.28646,0,0,0,0,0,0,GRIPPING
3.3032,0,0,0,0,0,0,GRIPPING
3.31992,0,0,0,0,0,0,GRIPPING
3.33666,0,0,0,0,0,0,GRIPPING
3.3534,0,0,0,0,0,0,GRIPPING
3.37011,0,0,0,0,0,0,GRIPPING
3.38684,0,0,0,0,0,0,GRIPPING
3.40356,0,0,0,0,0,0,GRIPPING
3.42031,0,0,0,0,0,0,GRIPPING
3.43703,0,0,0,0,0,0,GRIPPING
3.45375,0,0,0,0,0,0,GRIPPING
3.47049,0,0,0,0,0,0,GRIPPING
3.48721,0,0,0,0,0,0,GRIPPING
3.50394,0,0,0,0,0,0,GRIPPING
3.52065,0,0,0,0,0,0,GRIPPING
3.53738,0,0,0,0,0,0,GRIPPING
3.55411,0,0,0,0,0,0,GRIPPING
3.57083,0,0,0,0,0,0,GRIPPING
3.58758,0,0,0,0,0,0,GRIPPING
3.60431,0,0,0,0,0,0,GRIPPING
3.62103,0,0,0,0,0,0,GRIPPING
3.63775,0,0,0,0,0,0,GRIPPING
3.6545,0.004186,0,0,0,0,0,GRIPPING
3.67125,0.0083735,0,0,0,0,0,GRIPPING
3.68796,0.0125523,0,0,0,0,0,GRIPPING
3.70473,0.0167447,0,0,0,0,0,GRIPPING
3.72147,0.0209292,0,0,0,0,0,GRIPPING
3.73821,0.0251137,0,0,0,0,0,GRIPPING
3.75492,0.0292927,0,0,0,0,0,GRIPPING
3.77165,0.0334752,0,0,0,0,0,GRIPPING
3.7884,0.0376625,0,0,0,0,0,GRIPPING
3.80512,0.0418415,0,0,0,0,0,GRIPPING
3.82187,0.0460297,0,0,0,0,0,GRIPPING
3.83862,0.0502172,0,0,0,1.35798e-05,8.26435e-05,GRIPPING
3.85534,0.0543975,0,0,3.82529e-05,3.08111e-05,0.000105048,GRIPPING
3.87207,0.0585792,0,0.0032876,8.67918e-05,5.23373e-05,0.000131184,GRIPPING
3.8888,0.0627607,0,0.00745921,0.000147429,7.88086e-05,0.00016133,GRIPPING
3.90554,0.0669473,0,0.0126706,0.000221996,0.000110977,0.000195816,GRIPPING
3.92226,0.0335153,0,0.0190792,0.000312611,0.000110977,-2.26881e-13,GRIPPING
3.93899,0,0,0.026867,0.000312611,0.000110977,-2.26881e-13,GRIPPING
3.95572,0,0,0.026867,0.000312611,0.000110977,-2.26881e-13,GRIPPING
3.97246,0,0,0.026867,0.000312611,0.000110977,-2.26881e-13,GRIPPING
3.98918,0,0,0.026867,0.000312611,0.000110977,-2.26881e-13,GRIPPING
4.0059,0,0,0.026867,0.000312611,0.000110977,-2.26881e-13,GRIPPING
4.02263,0,0,0.026867,0.000312611,0.000110977,-2.26881e-13,GRIPPING
4.03937,0,0,0.026867,0.000312611,0.000110977,-2.26881e-13,GRIPPING
4.05609,0,0,0.026867,0.000312611,0.000110977,-2.26881e-13,GRIPPING
4.07285,0,0,0.026867,0.000312611,0.000110977,-2.26881e-13,GRIPPING
4.08957,0,0,0.026867,0.000312611,0.000110977,-2.26881e-13,GRIPPING
4.10632,0,0,0.026867,0.000312611,0.000110977,-2.26881e-13,GRIPPING
4.12303,0,0,0.026867,0.000312611,0.000110977,-2.26881e-13,GRIPPING
4.13975,0,0,0.026867,0.000312611,0.000110977,-2.26881e-13,GRIPPING
4.15649,0,0,0.026867,0.000312611,0.000110977,-2.26881e-13,GRIPPING
4.17328,0,0,0.026867,0.000312611,0.000110977,-2.26881e-13,GRIPPING
4.19,0,0,0.026867,0.000312611,0.000110977,-2.26881e-13,GRIPPING
4.20676,0,0,0.026867,0.000312611,0.000110977,-2.26881e-13,GRIPPING
4.22348,0,0,0.026867,0.000312611,0.000110977,-2.26881e-13,GRIPPING
4.24024,0,0,0.026867,0.000312611,0.000110977,-2.26881e-13,GRIPPING
4.25698,0,0,0.026867,0.000312611,0.000110977,-2.26881e-13,GRIPPING
4.27376,0,0,0.026867,0.000312611,0.000110977,-2.26881e-13,GRIPPING
4.29054,0,0,0.026867,0.000312611,0.000110977,-2.26881e-13,GRIPPING
4.30729,0,0,0.026867,0.000312611,0.000110977,-2.26881e-13,GRIPPING
4.32402,0,0,0.026867,0.000312611,0.000110977,-2.26881e-13,GRIPPING
4.34076,0,0,0.026867,0.000312611,0.000110977,-2.26881e-13,GRIPPING
4.35752,0,0,0.026867,0.000312611,0.000110977,-2.26881e-13,GRIPPING
4.37424,0,0,0.026867,0.000312611,0.000110977,-2.26881e-13,GRIPPING
4.39096,0,0,0.026867,0.000312611,0.000110977,-2.26881e-13,GRIPPING
4.4077,0.0041855,0,0.026867,0.000312611,0.000110977,-2.26881e-13,GRIPPING
4.42444,0.00836925,0,0.026867,0.000312611,0.000110977,-2.26881e-13,GRIPPING
4.44115,0.0125483,0,0.026867,0.000312611,0.000110977,-2.26881e-13,GRIPPING
4.45788,0.0167295,0,0.026867,0.000312611,0.000110977,-2.26881e-13,GRIPPING
4.47468,0.0209293,0,0.026867,0.000312611,0.000110977,-2.26881e-13,GRIPPING
4.49144,0.0251208,0,0.026867,0.000312611,0.000110977,-2.26881e-13,GRIPPING
4.50819,0.0293077,0,0.026867,0.000312611,0.000110977,-2.26881e-13,GRIPPING
4.52494,0.0334952,0,0.026867,0.000312611,0.000110977,-2.26881e-13,GRIPPING
4.5417,0.0376837,0,0.026867,0.000312611,0.000110977,-2.26881e-13,GRIPPING
4.55845,0.0418722,0,0.026867,0.000312611,0.000110977,-2.26881e-13,GRIPPING
4.57525,0.0460727,0,0.026867,0.000312611,0.000110977,-2.26881e-13,GRIPPING
4.59197,0.050253,0,0.026867,0.000312611,0.000124562,8.28201e-05,GRIPPING
4.60875,0.0544465,0,0.026867,0.000350879,0.000141895,0.000105332,GRIPPING
4.62556,0.0586487,0,0.0301559,0.000399704,0.000163604,0.000131652,GRIPPING
4.64231,0.0628375,0,0.034352,0.000460856,0.000190218,0.000161922,GRIPPING
4.65903,0.067018,0,0.0396076,0.000535826,0.000222442,0.000196437,GRIPPING
4.67586,0.0712235,0,0.0460509,0.000626599,0.000261353,0.000235787,GRIPPING
4.69268,0.0754292,0,0.0538522,0.000736205,0.000307574,0.000280072,GRIPPING
4.7094,0.0796097,0,0.0632723,0.000866406,0.000361588,0.000329267,GRIPPING
4.72613,0.0837925,0,0.0744622,0.00101856,0.000424605,0.000383942,GRIPPING
4.74284,0.0879695,0,0.0875387,0.00119607,0.000497423,0.000444269,GRIPPING
4.75957,0.092152,0,0.102795,0.00140119,0.000581239,0.000510698,GRIPPING
4.77633,0.0963435,0,0.120424,0.00163729,0.000677227,0.000583603,GRIPPING
4.79306,0.100525,0,0.140715,0.00190768,0.000786011,0.000662942,GRIPPING
4.80985,0.104723,0,0.163953,0.00221411,0.000909461,0.000749502,GRIPPING
4.82657,0.108903,0,0.190289,0.00256186,0.00104771,0.000842881,GRIPPING
4.84333,0.113092,0,0.220176,0.0029513,0.0012029,0.000943955,GRIPPING
4.86006,0.0796345,0,0.253646,0.00338846,0.00125699,0.000329575,GRIPPING
4.87683,0.0460885,0,0.291217,0.00354082,0.00125699,-2.91071e-11,GRIPPING
4.89359,0,0,0.304312,0.00354082,0.00125699,-2.91071e-11,GRIPPING
4.91031,0,0,0.304312,0.00354082,0.00125699,-2.91071e-11,GRIPPING
4.92704,0,0,0.304312,0.00354082,0.00125699,-2.91071e-11,GRIPPING
4.9438,0,0,0.304312,0.00354082,0.00125699,-2.91071e-11,GRIPPING
4.96052,0,0,0.304312,0.00354082,0.00125699,-2.91071e-11,GRIPPING
4.97725,0,0,0.304312,0.00354082,0.00125699,-2.91071e-11,GRIPPING
4.99396,0,0,0.304312,0.00354082,0.00125699,-2.91071e-11,GRIPPING
5.0107,0,0,0.304312,0.00354082,0.00125699,-2.91071e-11,GRIPPING
5.02742,0,0,0.304312,0.00354082,0.00125699,-2.91071e-11,GRIPPING
5.04415,0,0,0.304312,0.00354082,0.00125699,-2.91071e-11,GRIPPING
5.06092,0,0,0.304312,0.00354082,0.00125699,-2.91071e-11,GRIPPING
5.0777,0,0,0.304312,0.00354082,0.00125699,-2.91071e-11,GRIPPING
5.09447,0,0,0.304312,0.00354082,0.00125699,-2.91071e-11,GRIPPING
5.11128,0,0,0.304312,0.00354082,0.00125699,-2.91071e-11,GRIPPING
5.12801,0,0,0.304312,0.00354082,0.00125699,-2.91071e-11,GRIPPING
5.14483,0,0,0.304312,0.00354082,0.00125699,-2.91071e-11,GRIPPING
5.16154,0,0,0.304312,0.00354082,0.00125699,-2.91071e-11,GRIPPING
5.17827,0,0,0.304312,0.00354082,0.00125699,-2.91071e-11,GRIPPING
5.19506,0,0,0.304312,0.00354082,0.00125699,-2.91071e-11,GRIPPING
5.21178,0,0,0.304312,0.00354082,0.00125699,-2.91071e-11,GRIPPING
5.22851,0,0,0.304312,0.00354082,0.00125699,-2.91071e-11,GRIPPING
5.24525,0,0,0.304312,0.00354082,0.00125699,-2.91071e-11,GRIPPING
5.26197,0,0,0.304312,0.00354082,0.00125699,-2.91071e-11,GRIPPING
5.2787,0,0,0.304312,0.00354082,0.00125699,-2.91071e-11,GRIPPING
5.29543,0,0,0.304312,0.00354082,0.00125699,-2.91071e-11,GRIPPING
5.31217,0.004185,0,0.304312,0.00354082,0.00125699,-2.91071e-11,GRIPPING
5.32888,0.00836425,0,0.304312,0.00354082,0.00125699,-2.91071e-11,GRIPPING
5.3456,0.0125437,0,0.304312,0.00354082,0.00125699,-2.91071e-11,GRIPPING
5.36234,0.0167285,0,0.304312,0.00354082,0.00125699,-2.91071e-11,GRIPPING
5.37907,0.0209107,0,0.304312,0.00354082,0.00125699,-2.91071e-11,GRIPPING
5.39584,0.0251037,0,0.304312,0.00354082,0.00125699,-2.91071e-11,GRIPPING
5.41266,0.029309,0,0.304312,0.00354082,0.00125699,-2.91071e-11,GRIPPING
5.42939,0.0334917,0,0.304312,0.00354082,0.00125699,-2.91071e-11,GRIPPING
5.44613,0.037675,0,0.304312,0.00354082,0.00125699,-2.91071e-11,GRIPPING
5.46288,0.041863,0,0.304312,0.00354082,0.00125699,-2.91071e-11,GRIPPING
5.47963,0.0460508,0,0.304312,0.00354082,0.00125699,-2.91071e-11,GRIPPING
5.49638,0.0502375,0,0.304312,0.00354082,0.00127059,8.27435e-05,GRIPPING
5.51309,0.0167995,0,0.304312,0.00357911,0.00127059,-2.974e-11,GRIPPING
5.52988,0,0,0.307602,0.00357911,0.00127059,-2.974e-11,GRIPPING
5.5466,0,0,0.307602,0.00357911,0.00127059,-2.974e-11,GRIPPING
5.56333,0,0,0.307602,0.00357911,0.00127059,-2.974e-11,GRIPPING
5.58006,0,0,0.307602,0.00357911,0.00127059,-2.974e-11,GRIPPING
5.59683,0,0,0.307602,0.00357911,0.00127059,-2.974e-11,GRIPPING
5.61361,0,0,0.307602,0.00357911,0.00127059,-2.974e-11,GRIPPING
5.63036,0,0,0.307602,0.00357911,0.00127059,-2.974e-11,GRIPPING
5.64712,0,0,0.307602,0.00357911,0.00127059,-2.974e-11,GRIPPING
5.66403,0,0,0.307602,0.00357911,0.00127059,-2.974e-11,GRIPPING
5.68076,0,0,0.307602,0.00357911,0.00127059,-2.974e-11,GRIPPING
5.69759,0,0,0.307602,0.00357911,0.00127059,-2.974e-11,GRIPPING
5.71435,0,0,0.307602,0.00357911,0.00127059,-2.974e-11,GRIPPING
5.73108,0,0,0.307602,0.00357911,0.00127059,-2.974e-11,GRIPPING
5.74791,0,0,0.307602,0.00357911,0.00127059,-2.974e-11,GRIPPING
5.76463,0,0,0.307602,0.00357911,0.00127059,-2.974e-11,GRIPPING
5.78139,0,0,0.307602,0.00357911,0.00127059,-2.974e-11,GRIPPING
5.79815,0,0,0.307602,0.00357911,0.00127059,-2.974e-11,GRIPPING
5.81488,0,0,0.307602,0.00357911,0.00127059,-2.974e-11,GRIPPING
5.83169,0,0,0.307602,0.00357911,0.00127059,-2.974e-11,GRIPPING
5.84842,0,0,0.307602,0.00357911,0.00127059,-2.974e-11,GRIPPING
5.86516,0,0,0.307602,0.00357911,0.00127059,-2.974e-11,GRIPPING
5.88184,0,0,0.307602,0.00357911,0.00127059,-2.974e-11,GRIPPING
5.89858,0,0,0.307602,0.00357911,0.00127059,-2.974e-11,GRIPPING
5.91533,0,0,0.307602,0.00357911,0.00127059,-2.974e-11,GRIPPING
5.93204,0,0,0.307602,0.00357911,0.00127059,-2.974e-11,GRIPPING
5.94881,0,0,0.307602,0.00357911,0.00127059,-2.974e-11,GRIPPING
5.96553,0,0,0.307602,0.00357911,0.00127059,-2.974e-11,GRIPPING
5.98228,0,0,0.307602,0.00357911,0.00127059,-2.974e-11,GRIPPING
5.999,0,0,0.307602,0.00357911,0.00127059,-2.974e-11,GRIPPING
6.01575,0,0,0.307602,0.00357911,0.00127059,-2.974e-11,GRIPPING
6.0325,0,0,0.307602,0.00357911,0.00127059,-2.974e-11,GRIPPING
6.04922,0,0,0.307602,0.00357911,0.00127059,-2.974e-11,GRIPPING
6.06597,0,0,0.307602,0.00357911,0.00127059,-2.974e-11,GRIPPING
6.08272,0,0,0.307602,0.00357911,0.00127059,-2.974e-11,GRIPPING
6.09946,0,0,0.307602,0.00357911,0.00127059,-2.974e-11,GRIPPING
6.11619,0,0,0.307602,0.00357911,0.00127059,-2.974e-11,GRIPPING
6.13291,0,0,0.307602,0.00357911,0.00127059,-2.974e-11,GRIPPING
6.14963,0,0,0.307602,0.00357911,0.00127059,-2.974e-11,GRIPPING
6.16636,0,0,0.307602,0.00357911,0.00127059,-2.974e-11,GRIPPING
6.18308,0,0,0.307602,0.00357911,0.00127059,-2.974e-11,GRIPPING
6.19992,0,0,0.307602,0.00357911,0.00127059,-2.974e-11,GRIPPING
6.21671,0,0,0.307602,0.00357911,0.00127059,-2.974e-11,GRIPPING
6.23345,0,0,0.307602,0.00357911,0.00127059,-2.974e-11,GRIPPING
6.25018,0,0,0.307602,0.00357911,0.00127059,-2.974e-11,GRIPPING
6.2669,0,0,0.307602,0.00357911,0.00127059,-2.974e-11,GRIPPING
6.28363,0,0,0.307602,0.00357911,0.00127059,-2.974e-11,GRIPPING
6.30037,0,0,0.307602,0.00357911,0.00127059,-2.974e-11,GRIPPING
6.31708,0,0,0.307602,0.00357911,0.00127059,-2.974e-11,GRIPPING
6.33383,0,0,0.307602,0.00357911,0.00127059,-2.974e-11,GRIPPING
6.35056,0,0,0.307602,0.00357911,0.00127059,-2.974e-11,GRIPPING
6.36728,0,0,0.307602,0.00357911,0.00127059,-2.974e-11,GRIPPING
6.384,0,0,0.307602,0.00357911,0.00127059,-2.974e-11,GRIPPING
6.40074,0,0,0.307602,0.00357911,0.00127059,-2.974e-11,GRIPPING
6.41745,0,0,0.307602,0.00357911,0.00127059,-2.974e-11,GRIPPING
6.4342,0.00418525,0,0.307602,0.00357911,0.00127059,-2.974e-11,GRIPPING
6.45093,0.0083695,0,0.307602,0.00357911,0.00127059,-2.974e-11,GRIPPING
6.46767,0.0125533,0,0.307602,0.00357911,0.00127059,-2.974e-11,GRIPPING
6.48439,0.0167333,0,0.307602,0.00357911,0.00127059,-2.974e-11,GRIPPING
6.50111,0.020914,0,0.307602,0.00357911,0.00127059,-2.974e-11,GRIPPING
6.51784,0.0250955,0,0.307602,0.00357911,0.00127059,-2.974e-11,GRIPPING
6.53455,0.0292738,0,0.307602,0.00357911,0.00127059,-2.974e-11,GRIPPING
6.55129,0.033458,0,0.307602,0.00357911,0.00127059,-2.974e-11,GRIPPING
6.56799,0.0376348,0,0.307602,0.00357911,0.00127059,-2.974e-11,GRIPPING
6.58473,0.04182,0,0.307602,0.00357911,0.00127059,-2.974e-11,GRIPPING
6.60145,0.0459998,0,0.307602,0.00357911,0.00127059,-2.974e-11,GRIPPING
6.61818,0.0501803,0,0.307602,0.00357911,0.00128411,8.2461e-05,GRIPPING
6.63492,0.0543655,0,0.307602,0.00361722,0.00130133,0.000104862,GRIPPING
6.65163,0.058544,0,0.310877,0.00366573,0.0013228,0.000130947,GRIPPING
6.66837,0.062728,0,0.315047,0.00372621,0.00134925,0.000161077,GRIPPING
6.68508,0.029296,0,0.320244,0.00380071,0.00134925,-3.35366e-11,GRIPPING
6.70183,0,0,0.326647,0.00380071,0.00134925,-3.35366e-11,GRIPPING
6.71856,0,0,0.326647,0.00380071,0.00134925,-3.35366e-11,GRIPPING
6.73529,0,0,0.326647,0.00380071,0.00134925,-3.35366e-11,GRIPPING
6.75201,0,0,0.326647,0.00380071,0.00134925,-3.35366e-11,GRIPPING
6.76874,0,0,0.326647,0.00380071,0.00134925,-3.35366e-11,GRIPPING
6.78551,0,0,0.326647,0.00380071,0.00134925,-3.35366e-11,GRIPPING
6.80224,0,0,0.326647,0.00380071,0.00134925,-3.35366e-11,GRIPPING
6.81896,0,0,0.326647,0.00380071,0.00134925,-3.35366e-11,GRIPPING
6.83569,0,0,0.326647,0.00380071,0.00134925,-3.35366e-11,GRIPPING
6.85242,0,0,0.326647,0.00380071,0.00134925,-3.35366e-11,GRIPPING
6.86915,0,0,0.326647,0.00380071,0.00134925,-3.35366e-11,GRIPPING
6.88585,0,0,0.326647,0.00380071,0.00134925,-3.35366e-11,GRIPPING
6.90258,0,0,0.326647,0.00380071,0.00134925,-3.35366e-11,GRIPPING
6.91932,0,0,0.326647,0.00380071,0.00134925,-3.35366e-11,GRIPPING
6.93603,0,0,0.326647,0.00380071,0.00134925,-3.35366e-11,GRIPPING
6.95278,0,0,0.326647,0.00380071,0.00134925,-3.35366e-11,GRIPPING
6.96951,0,0,0.326647,0.00380071,0.00134925,-3.35366e-11,GRIPPING
6.98624,0,0,0.326647,0.00380071,0.00134925,-3.35366e-11,GRIPPING
7.00296,0,0,0.326647,0.00380071,0.00134925,-3.35366e-11,GRIPPING
7.01969,0,0,0.326647,0.00380071,0.00134925,-3.35366e-11,GRIPPING
7.03643,0,0,0.326647,0.00380071,0.00134925,-3.35366e-11,GRIPPING
7.05318,0,0,0.326647,0.00380071,0.00134925,-3.35366e-11,GRIPPING
7.0699,0,0,0.326647,0.00380071,0.00134925,-3.35366e-11,GRIPPING
7.08669,0,0,0.326647,0.00380071,0.00134925,-3.35366e-11,GRIPPING
7.10344,0,0,0.326647,0.00380071,0.00134925,-3.35366e-11,GRIPPING
7.12017,0,0,0.326647,0.00380071,0.00134925,-3.35366e-11,GRIPPING
7.13694,0,0,0.326647,0.00380071,0.00134925,-3.35366e-11,GRIPPING
7.1537,0,0,0.326647,0.00380071,0.00134925,-3.35366e-11,GRIPPING
7.17047,0,0,0.326647,0.00380071,0.00134925,-3.35366e-11,GRIPPING
7.18722,0,0,0.326647,0.00380071,0.00134925,-3.35366e-11,GRIPPING
7.20399,0,0,0.326647,0.00380071,0.00134925,-3.35366e-11,GRIPPING
7.22078,0,0,0.326647,0.00380071,0.00134925,-3.35366e-11,GRIPPING
7.23751,0,0,0.326647,0.00380071,0.00134925,-3.35366e-11,GRIPPING
7.25426,0,0,0.326647,0.00380071,0.00134925,-3.35366e-11,GRIPPING
7.27099,0,0,0.326647,0.00380071,0.00134925,-3.35366e-11,GRIPPING
7.28777,0,0,0.326647,0.00380071,0.00134925,-3.35366e-11,GRIPPING
7.30452,0,0,0.326647,0.00380071,0.00134925,-3.35366e-11,GRIPPING
7.32127,0,0,0.326647,0.00380071,0.00134925,-3.35366e-11,GRIPPING
7.33798,0,0,0.326647,0.00380071,0.00134925,-3.35366e-11,GRIPPING
7.35471,0,0,0.326647,0.00380071,0.00134925,-3.35366e-11,GRIPPING
7.37147,0,0,0.326647,0.00380071,0.00134925,-3.35366e-11,GRIPPING
7.38821,0,0,0.326647,0.00380071,0.00134925,-3.35366e-11,GRIPPING
7.40495,0,0,0.326647,0.00380071,0.00134925,-3.35366e-11,GRIPPING
7.42175,0,0,0.326647,0.00380071,0.00134925,-3.35366e-11,GRIPPING
7.43848,0,0,0.326647,0.00380071,0.00134925,-3.35366e-11,GRIPPING
7.45522,0,0,0.326647,0.00380071,0.00134925,-3.35366e-11,GRIPPING
7.47194,0,0,0.326647,0.00380071,0.00134925,-3.35366e-11,GRIPPING
7.48871,0,0,0.326647,0.00380071,0.00134925,-3.35366e-11,GRIPPING
7.50547,0,0,0.326647,0.00380071,0.00134925,-3.35366e-11,GRIPPING
7.5222,0,0,0.326647,0.00380071,0.00134925,-3.35366e-11,GRIPPING
7.53892,0,0,0.326647,0.00380071,0.00134925,-3.35366e-11,GRIPPING
7.55564,0,0,0.326647,0.00380071,0.00134925,-3.35366e-11,GRIPPING
7.57237,0,0,0.326647,0.00380071,0.00134925,-3.35366e-11,GRIPPING
7.5891,0.0041815,0,0.326647,0.00380071,0.00134925,-3.35366e-11,GRIPPING
7.60585,0.00836975,0,0.326647,0.00380071,0.00134925,-3.35366e-11,GRIPPING
7.62257,0.0125492,0,0.326647,0.00380071,0.00134925,-3.35366e-11,GRIPPING
7.63931,0.0167353,0,0.326647,0.00380071,0.00134925,-3.35366e-11,GRIPPING
7.65603,0.020914,0,0.326647,0.00380071,0.00134925,-3.35366e-11,GRIPPING
7.67275,0.025094,0,0.326647,0.00380071,0.00134925,-3.35366e-11,GRIPPING
7.68948,0.029277,0,0.326647,0.00380071,0.00134925,-3.35366e-11,GRIPPING
7.70621,0.03346,0,0.326647,0.00380071,0.00134925,-3.35366e-11,GRIPPING
7.72293,0.0376392,0,0.326647,0.00380071,0.00134925,-3.35366e-11,GRIPPING
7.73966,0.0418228,0,0.326647,0.00380071,0.00134925,-3.35366e-11,GRIPPING
7.75639,0.0460057,0,0.326647,0.00380071,0.00134925,-3.35366e-11,GRIPPING
7.77312,0.0501867,0,0.326647,0.00380071,0.00136278,8.2493e-05,GRIPPING
7.78984,0.0543667,0,0.326647,0.00383883,0.00137999,0.00010487,GRIPPING
7.80657,0.0585512,0,0.329923,0.00388728,0.0014015,0.000130996,GRIPPING
7.8233,0.0627322,0,0.334088,0.00394787,0.00142793,0.00016111,GRIPPING
7.84002,0.0669115,0,0.339295,0.00402233,0.00145999,0.000195502,GRIPPING
7.86803,0.073914,0,0.345694,0.00411264,0.0015324,0.00026353,GRIPPING
7.88476,0.040436,0,0.353456,0.00431662,0.0015324,-4.32592e-11,GRIPPING
7.90153,0,0,0.370987,0.00431662,0.0015324,-4.32592e-11,GRIPPING
7.91828,0,0,0.370987,0.00431662,0.0015324,-4.32592e-11,GRIPPING
7.93502,0,0,0.370987,0.00431662,0.0015324,-4.32592e-11,GRIPPING
7.95183,0,0,0.370987,0.00431662,0.0015324,-4.32592e-11,GRIPPING
7.96856,0,0,0.370987,0.00431662,0.0015324,-4.32592e-11,GRIPPING
7.9853,0,0,0.370987,0.00431662,0.0015324,-4.32592e-11,GRIPPING
8.00203,0,0,0.370987,0.00431662,0.0015324,-4.32592e-11,GRIPPING
8.01877,0,0,0.370987,0.00431662,0.0015324,-4.32592e-11,GRIPPING
8.03551,0,0,0.370987,0.00431662,0.0015324,-4.32592e-11,GRIPPING
8.05227,0,0,0.370987,0.00431662,0.0015324,-4.32592e-11,GRIPPING
8.06899,0,0,0.370987,0.00431662,0.0015324,-4.32592e-11,GRIPPING
8.08573,0,0,0.370987,0.00431662,0.0015324,-4.32592e-11,GRIPPING
8.10245,0,0,0.370987,0.00431662,0.0015324,-4.32592e-11,GRIPPING
8.1193,0,0,0.370987,0.00431662,0.0015324,-4.32592e-11,GRIPPING
8.13607,0,0,0.370987,0.00431662,0.0015324,-4.32592e-11,GRIPPING
8.15287,0,0,0.370987,0.00431662,0.0015324,-4.32592e-11,GRIPPING
8.16966,0,0,0.370987,0.00431662,0.0015324,-4.32592e-11,GRIPPING
8.18638,0,0,0.370987,0.00431662,0.0015324,-4.32592e-11,GRIPPING
8.2031,0,0,0.370987,0.00431662,0.0015324,-4.32592e-11,GRIPPING
8.21984,0,0,0.370987,0.00431662,0.0015324,-4.32592e-11,GRIPPING
8.23655,0,0,0.370987,0.00431662,0.0015324,-4.32592e-11,GRIPPING
8.2533,0,0,0.370987,0.00431662,0.0015324,-4.32592e-11,GRIPPING
8.27003,0,0,0.370987,0.00431662,0.0015324,-4.32592e-11,GRIPPING
8.28679,0,0,0.370987,0.00431662,0.0015324,-4.32592e-11,GRIPPING
8.30352,0,0,0.370987,0.00431662,0.0015324,-4.32592e-11,GRIPPING
8.32025,0,0,0.370987,0.00431662,0.0015324,-4.32592e-11,GRIPPING
8.33697,0,0,0.370987,0.00431662,0.0015324,-4.32592e-11,GRIPPING
8.35371,0,0,0.370987,0.00431662,0.0015324,-4.32592e-11,GRIPPING
8.37044,0,0,0.370987,0.00431662,0.0015324,-4.32592e-11,GRIPPING
8.38718,0.0041835,0,0.370987,0.00431662,0.0015324,-4.32592e-11,GRIPPING
8.4039,0.00836375,0,0.370987,0.00431662,0.0015324,-4.32592e-11,GRIPPING
8.42063,0.0125457,0,0.370987,0.00431662,0.0015324,-4.32592e-11,GRIPPING
8.43745,0.0167525,0,0.370987,0.00431662,0.0015324,-4.32592e-11,GRIPPING
8.4542,0.0209398,0,0.370987,0.00431662,0.0015324,-4.32592e-11,GRIPPING
8.47092,0.0251203,0,0.370987,0.00431662,0.0015324,-4.32592e-11,GRIPPING
8.48768,0.0293093,0,0.370987,0.00431662,0.0015324,-4.32592e-11,GRIPPING
8.50443,0.0334958,0,0.370987,0.00431662,0.0015324,-4.32592e-11,GRIPPING
8.52114,0.0376755,0,0.370987,0.00431662,0.0015324,-4.32592e-11,GRIPPING
8.53786,0.0418545,0,0.370987,0.00431662,0.0015324,-4.32592e-11,GRIPPING
8.5546,0.0460395,0,0.370987,0.00431662,0.0015324,-4.32592e-11,GRIPPING
8.57134,0.0502255,0,0.370987,0.00431662,0.00154598,8.26842e-05,GRIPPING
8.58806,0.054405,0,0.370987,0.00435488,0.00156322,0.000105091,GRIPPING
8.60481,0.0585928,0,0.374275,0.00440343,0.00158479,0.000131275,GRIPPING
8.62158,0.0627837,0,0.378447,0.0044642,0.00161135,0.000161507,GRIPPING
8.63832,0.0669685,0,0.38367,0.00453901,0.00164354,0.000196002,GRIPPING
8.65504,0.0711483,0,0.3901,0.00462968,0.00168209,0.00023504,GRIPPING
8.67179,0.0753363,0,0.397892,0.00473827,0.00172794,0.000279037,GRIPPING
8.68852,0.0795188,0,0.407225,0.00486744,0.0017818,0.00032814,GRIPPING
8.70527,0.0837063,0,0.418326,0.00501914,0.00184469,0.000382758,GRIPPING
8.72199,0.0878865,0,0.431364,0.00519631,0.00191736,0.000443013,GRIPPING
8.73876,0.0920785,0,0.44659,0.00540101,0.00200116,0.000509477,GRIPPING
8.75547,0.0962558,0,0.464183,0.00563708,0.00209656,0.000582009,GRIPPING
8.77222,0.100444,0,0.484472,0.00590582,0.00220525,0.000661336,GRIPPING
8.78894,0.104624,0,0.507568,0.00621198,0.00232783,0.000747374,GRIPPING
8.80566,0.108804,0,0.533881,0.00655726,0.00246572,0.000840591,GRIPPING
8.8224,0.112989,0,0.563555,0.00694569,0.00262032,0.000941372,GRIPPING
8.83913,0.117172,0,0.596938,0.00738118,0.00279264,0.00104984,GRIPPING
8.85585,0.121351,0,0.634366,0.0078666,0.00298385,0.0011662,GRIPPING
8.87256,0.12553,0,0.676085,0.0084052,0.00319556,0.0012909,GRIPPING
8.88929,0.129711,0,0.722374,0.00900157,0.00342919,0.00142421,GRIPPING
8.90601,0.133891,0,0.773629,0.00965969,0.00368613,0.0015664,GRIPPING
8.92275,0.138076,0,0.83019,0.0103835,0.00396826,0.00171793,GRIPPING
8.93948,0.142259,0,0.892394,0.0111782,0.00427664,0.00187883,GRIPPING
8.95621,0.146442,0,0.960697,0.0120469,0.00461309,0.00204951,GRIPPING
8.97293,0.150623,0,1.03535,0.0129946,0.00497892,0.00223009,GRIPPING
8.98969,0.154812,0,1.11681,0.0140251,0.00537691,0.00242136,GRIPPING
9.00643,0.158997,0,1.20537,0.0151462,0.00580772,0.00262311,GRIPPING
9.02315,0.163177,0,1.30172,0.0163598,0.00627284,0.00283549,GRIPPING
9.03991,0.167368,0,1.40602,0.01767,0.00677595,0.0030596,GRIPPING
9.05667,0.171557,0,1.51862,0.0190872,0.00731766,0.00329517,GRIPPING
9.07342,0.175746,0,1.64042,0.0206131,0.00789985,0.00354244,GRIPPING
9.09014,0.179925,0,1.77157,0.0222531,0.00852326,0.00380123,GRIPPING
9.10691,0.184118,0,1.91251,0.0240092,0.00919336,0.0040732,GRIPPING
9.12364,0.188299,0,2.06344,0.0258968,0.00990832,0.00435708,GRIPPING
9.14036,0.192481,0,2.22567,0.0279108,0.0106719,0.00465383,GRIPPING
9.15709,0.196662,0,2.39876,0.0300617,0.0114863,0.00496375,GRIPPING
9.17382,0.200845,0,2.58361,0.0323558,0.0123543,0.00528731,GRIPPING
9.19058,0.205035,0,2.78078,0.0348007,0.013279,0.00562511,GRIPPING
9.20732,0.20922,0,2.99091,0.0374055,0.0142604,0.00597663,GRIPPING
9.22404,0.213399,0,3.21477,0.0401702,0.0153006,0.00634203,GRIPPING
9.2408,0.217589,0,3.45238,0.0431003,0.0164059,0.00672296,GRIPPING
9.25751,0.221768,0,3.7042,0.0462138,0.0175731,0.00711781,GRIPPING
9.27428,0.225959,0,3.97179,0.0495017,0.0188111,0.00752897,GRIPPING
9.29104,0.230149,0,4.25436,0.0529891,0.0201193,0.00795565,GRIPPING
9.30778,0.234335,0,4.55408,0.056674,0.0214988,0.00839774,GRIPPING
9.32454,0.238525,0,4.87077,0.0605601,0.0229548,0.00885628,GRIPPING
9.34126,0.242705,0,5.20476,0.0646615,0.0244852,0.00933009,GRIPPING
9.35799,0.246886,0,5.55725,0.0689724,0.0260965,0.00982065,GRIPPING
9.37472,0.251069,0,5.92774,0.0735112,0.0277916,0.0103283,GRIPPING
9.39147,0.255257,0,6.31783,0.0782861,0.0295753,0.0108538,GRIPPING
9.40819,0.259438,0,6.7282,0.0833106,0.031445,0.0113959,GRIPPING
9.42492,0.26362,0,7.16002,0.0885775,0.0334068,0.0119559,GRIPPING
9.44164,0.267801,0,7.61268,0.0941036,0.0354634,0.0125339,GRIPPING
9.45838,0.271985,0,8.08761,0.0998968,0.037619,0.0131305,GRIPPING
9.47511,0.276167,0,8.5855,0.105969,0.0398747,0.0137456,GRIPPING
9.49188,0.280359,0,9.10737,0.112323,0.0422403,0.0143811,GRIPPING
9.50866,0.284555,0,9.65346,0.118987,0.0447162,0.0150365,GRIPPING
9.52544,0.288751,0,10.2262,0.125961,0.0473033,0.0157116,GRIPPING
9.54216,0.292931,0,10.8256,0.133249,0.0499939,0.0164039,GRIPPING
9.55912,0.297169,0,11.4519,0.140828,0.052842,0.0171262,GRIPPING
9.57587,0.301358,0,12.1033,0.148851,0.0557775,0.0178606,GRIPPING
9.59262,0.305545,0,12.7928,0.15712,0.0588362,0.0186155,GRIPPING
9.60936,0.309729,0,13.5035,0.165736,0.0620197,0.0193907,GRIPPING
9.62607,0.313908,0,14.2439,0.174703,0.0653297,0.0201862,GRIPPING
9.6428,0.318089,0,15.0147,0.184027,0.0687761,0.0210037,GRIPPING
9.65952,0.32227,0,15.816,0.193735,0.0723592,0.0218427,GRIPPING
9.67628,0.32646,0,16.6503,0.203829,0.0760926,0.0227059,GRIPPING
9.693,0.330641,0,17.5178,0.214345,0.0799623,0.0235894,GRIPPING
9.70973,0.334823,0,18.4217,0.225246,0.0839824,0.0244959,GRIPPING
9.72651,0.339019,0,19.3585,0.23657,0.0881694,0.0254285,GRIPPING
9.74323,0.343198,0,20.3317,0.248365,0.0924951,0.0263804,GRIPPING
9.75995,0.347378,0,21.3454,0.26055,0.0969819,0.027356,GRIPPING
9.77669,0.351564,0,22.3926,0.273188,0.10164,0.028357,GRIPPING
9.79343,0.355747,0,23.4788,0.28631,0.106463,0.0293812,GRIPPING
9.81014,0.359927,0,24.6065,0.299895,0.111453,0.0304291,GRIPPING
9.82692,0.364122,0,25.7741,0.313953,0.11664,0.0315055,GRIPPING
9.84365,0.368304,0,26.9823,0.328562,0.121991,0.0326036,GRIPPING
9.86038,0.372486,0,28.2379,0.343636,0.127525,0.0337268,GRIPPING
9.87711,0.376668,0,29.5333,0.359224,0.133248,0.0348757,GRIPPING
9.89384,0.380852,0,30.8731,0.375348,0.139167,0.0360507,GRIPPING
9.91056,0.385032,0,32.2588,0.392018,0.145276,0.0372507,GRIPPING
9.92731,0.389218,0,33.6915,0.40923,0.151598,0.0384791,GRIPPING
9.94402,0.393396,0,35.1707,0.427036,0.158111,0.0397314,GRIPPING
9.96076,0.397581,0,36.7011,0.445382,0.164847,0.0410131,GRIPPING
9.97752,0.401769,0,38.2778,0.464357,0.171802,0.0423229,GRIPPING
9.99425,0.405952,0,39.9086,0.48395,0.178968,0.0436585,GRIPPING
10.011,0.410136,0,41.5925,0.504135,0.18636,0.0450224,GRIPPING
10.0277,0.414317,0,43.3273,0.524959,0.193974,0.0464131,GRIPPING
10.0444,0.418497,0,45.1169,0.546404,0.201819,0.0478321,GRIPPING
10.0611,0.422678,0,46.96,0.568505,0.209904,0.04928,GRIPPING
10.0779,0.426864,0,48.8594,0.591279,0.218242,0.0507587,GRIPPING
10.0946,0.431052,0,50.8167,0.614765,0.226831,0.0522673,GRIPPING
10.1113,0.435227,0,52.8352,0.638961,0.235645,0.0538008,GRIPPING
10.1281,0.439408,0,54.9147,0.663789,0.244729,0.0553662,GRIPPING
10.1448,0.443596,0,57.0485,0.689377,0.254091,0.0569645,GRIPPING
10.1615,0.447774,0,59.2476,0.71575,0.263697,0.0585894,GRIPPING
10.1783,0.451955,0,61.5142,0.742809,0.273581,0.0602458,GRIPPING
10.195,0.456136,0,63.8398,0.77065,0.283742,0.0619332,GRIPPING
10.2117,0.460322,0,66.2325,0.799272,0.294198,0.0636541,GRIPPING
10.2284,0.464503,0,68.6924,0.828727,0.304928,0.0654042,GRIPPING
10.2452,0.468688,0,71.2239,0.858953,0.315961,0.0671878,GRIPPING
10.2619,0.472867,0,73.8216,0.890032,0.327276,0.0690009,GRIPPING
10.2786,0.47705,0,76.4926,0.921903,0.338904,0.0708482,GRIPPING
10.2954,0.48123,0,79.2318,0.954659,0.350833,0.0727268,GRIPPING
10.3121,0.485411,0,82.047,0.988262,0.363081,0.0746391,GRIPPING
10.3288,0.489599,0,84.9349,1.02276,0.375667,0.0765877,GRIPPING
10.3458,0.493839,0,87.9,1.05822,0.388741,0.0785943,GRIPPING
10.3625,0.498021,0,90.9471,1.09504,0.401971,0.0806082,GRIPPING
10.3792,0.502203,0,94.1122,1.13231,0.415532,0.0826554,GRIPPING
10.396,0.506385,0,97.3152,1.17051,0.429439,0.0847375,GRIPPING
10.4128,0.510587,0,100.598,1.20969,0.443763,0.0868646,GRIPPING
10.4295,0.514774,0,103.965,1.25004,0.458388,0.089019,GRIPPING
10.4463,0.518955,0,107.433,1.29123,0.47335,0.0912052,GRIPPING
10.463,0.52314,0,110.974,1.33338,0.488695,0.0934297,GRIPPING
10.4798,0.52733,0,114.596,1.3766,0.504426,0.0956922,GRIPPING
10.4965,0.531514,0,118.311,1.42092,0.520514,0.0979879,GRIPPING
10.5132,0.535696,0,122.119,1.46624,0.536976,0.100319,GRIPPING
10.53,0.502226,0,126.014,1.51261,0.550547,0.0826644,GRIPPING
10.5467,0.468774,0,129.999,1.55084,0.561577,0.0672208,GRIPPING
10.5634,0.435332,0,133.285,1.58191,0.570408,0.0538349,GRIPPING
10.5802,0.401832,0,135.955,1.60678,0.577364,0.0423371,GRIPPING
10.5968,0.368504,0,138.093,1.62638,0.582702,0.0326508,GRIPPING
10.6136,0.335018,0,139.777,1.64141,0.586731,0.0245325,GRIPPING
10.6303,0.30153,0,141.069,1.65276,0.589669,0.0178849,GRIPPING
10.647,0.268082,0,142.045,1.66104,0.591731,0.0125669,GRIPPING
10.6638,0.234586,0,142.756,1.66685,0.593114,0.00841824,GRIPPING
10.6805,0.20112,0,143.255,1.67074,0.593984,0.00530253,GRIPPING
10.6973,0.167632,0,143.59,1.6732,0.594488,0.0030676,GRIPPING
10.714,0.134206,0,143.801,1.67461,0.594746,0.00157096,GRIPPING
10.7307,0.100758,0,143.923,1.67534,0.594854,0.000661033,GRIPPING
10.7474,0.0672796,0,143.985,1.67565,0.594886,0.000192228,GRIPPING
10.7642,0.0338016,0,144.011,1.67573,0.573452,-0.130527,GRIPPING
10.7809,0,0,144.019,1.61536,0.552016,-0.130527,GRIPPING
10.7976,0,0,138.83,1.55497,0.530619,-0.130526,GRIPPING
10.8143,0,0,133.64,1.4947,0.509202,-0.130526,GRIPPING
10.8311,0,0,128.46,1.43437,0.487792,-0.130526,GRIPPING
10.8478,0,0,123.275,1.37406,0.487791,-4.38331e-06,GRIPPING
10.8645,0,0,118.092,1.37406,0.48779,-4.3833e-06,GRIPPING
10.8813,0,0,118.092,1.37406,0.48779,-4.38328e-06,GRIPPING
10.898,0,0,118.092,1.37406,0.487789,-4.38327e-06,GRIPPING
10.9147,0,0,118.091,1.37405,0.487788,-4.38326e-06,GRIPPING
10.9314,0,0,118.091,1.37405,0.487787,-4.38325e-06,GRIPPING
10.9482,0,0,118.091,1.37405,0.487787,-4.38323e-06,GRIPPING
10.9649,0,0,118.091,1.37405,0.487786,-4.38322e-06,GRIPPING
10.9817,0,0,118.091,1.37404,0.487785,-4.38321e-06,GRIPPING
10.9984,0,0,118.091,1.37404,0.487785,-4.38319e-06,GRIPPING
11.0151,0,0,118.09,1.37404,0.487784,-4.38318e-06,GRIPPING
11.0321,0,0,118.09,1.37404,0.487783,-4.38317e-06,GRIPPING
11.0486,0,0,118.09,1.37404,0.487782,-4.38316e-06,GRIPPING
11.0653,0,0,118.09,1.37403,0.487782,-4.38314e-06,GRIPPING
11.082,0,0,118.09,1.37403,0.487781,-4.38313e-06,GRIPPING
11.0988,0,0,118.09,1.37403,0.48778,-4.38312e-06,GRIPPING
11.1155,0,0,118.089,1.37403,0.487779,-4.3831e-06,GRIPPING
11.1322,0,0,118.089,1.37403,0.487779,-4.38309e-06,GRIPPING
11.149,0,0,118.089,1.37402,0.487778,-4.38308e-06,GRIPPING
11.1657,0,0,118.089,1.37402,0.487777,-4.38307e-06,GRIPPING
11.1825,0.00418625,0,118.089,1.37402,0.487777,-4.38305e-06,GRIPPING
11.1992,0.00836975,0,118.088,1.37402,0.487776,-4.38304e-06,GRIPPING
11.2159,0.012549,0,118.088,1.37402,0.487775,-4.38303e-06,GRIPPING
11.2327,0.0167353,0,118.088,1.37401,0.487774,-4.38301e-06,GRIPPING
11.2494,0.0209195,0,118.088,1.37401,0.487774,-4.383e-06,GRIPPING
11.2661,0.0250992,0,118.088,1.37401,0.487773,-4.38299e-06,GRIPPING
11.2828,0.0292787,0,118.088,1.37401,0.487772,-4.38298e-06,GRIPPING
11.2996,0.0334585,0,118.087,1.37401,0.487772,-4.38296e-06,GRIPPING
11.3163,0.0376453,0,118.087,1.374,0.487771,-4.38295e-06,GRIPPING
11.333,0.0418245,0,118.087,1.374,0.48777,-4.38294e-06,GRIPPING
11.3498,0.0460097,0,118.087,1.374,0.487769,-4.38292e-06,GRIPPING
11.3665,0.0501975,0,118.087,1.374,0.487782,7.81631e-05,GRIPPING
11.3832,0.054379,0,118.087,1.37403,0.487799,0.000100557,GRIPPING
11.3999,0.058558,0,118.09,1.37408,0.48782,0.000126658,GRIPPING
11.4167,0.0627393,0,118.094,1.37414,0.487845,0.00015678,GRIPPING
11.4334,0.0669245,0,118.099,1.37421,0.487877,0.000191232,GRIPPING
11.4501,0.071105,0,118.105,1.3743,0.487915,0.000230227,GRIPPING
11.4668,0.0752758,0,118.113,1.37441,0.487959,0.00027398,GRIPPING
11.4835,0.0794583,0,118.122,1.37453,0.488012,0.000323005,GRIPPING
11.5003,0.083642,0,118.133,1.37468,0.488074,0.00037749,GRIPPING
11.517,0.0878235,0,118.145,1.37486,0.488146,0.000437673,GRIPPING
11.5338,0.0920123,0,118.16,1.37506,0.488229,0.000503989,GRIPPING
11.5505,0.0962028,0,118.178,1.37529,0.488324,0.000576657,GRIPPING
11.5673,0.100391,0,118.198,1.37556,0.488432,0.000655896,GRIPPING
11.584,0.104573,0,118.221,1.37586,0.488553,0.000741892,GRIPPING
11.6008,0.108761,0,118.247,1.37621,0.488691,0.000835197,GRIPPING
11.6175,0.112953,0,118.276,1.37659,0.488845,0.000936067,GRIPPING
11.6343,0.11714,0,118.31,1.37703,0.489016,0.00104458,GRIPPING
11.651,0.121321,0,118.347,1.37751,0.489207,0.00116095,GRIPPING
11.6678,0.125509,0,118.388,1.37805,0.489418,0.00128585,GRIPPING
11.6846,0.129717,0,118.435,1.37864,0.489652,0.00142,GRIPPING
11.7013,0.133898,0,118.486,1.3793,0.489909,0.00156223,GRIPPING
11.718,0.138079,0,118.542,1.38002,0.49019,0.00171362,GRIPPING
11.7349,0.142298,0,118.604,1.38082,0.490501,0.00187595,GRIPPING
11.7516,0.146482,0,118.673,1.38169,0.490837,0.00204675,GRIPPING
11.7684,0.150666,0,118.748,1.38264,0.491202,0.00222756,GRIPPING
11.7851,0.154851,0,118.829,1.38367,0.4916,0.00241878,GRIPPING
11.8018,0.159028,0,118.918,1.38479,0.492029,0.00262018,GRIPPING
11.8186,0.163208,0,119.014,1.386,0.492494,0.00283266,GRIPPING
11.8353,0.167393,0,119.118,1.38731,0.492996,0.00305651,GRIPPING
11.852,0.17157,0,119.23,1.38872,0.493535,0.00329144,GRIPPING
11.8687,0.175755,0,119.352,1.39024,0.494116,0.00353856,GRIPPING
11.8855,0.179939,0,119.482,1.39188,0.49474,0.00379764,GRIPPING
11.9022,0.184118,0,119.623,1.39363,0.495407,0.0040687,GRIPPING
11.9189,0.1883,0,119.774,1.39551,0.496121,0.00435259,GRIPPING
11.9356,0.192479,0,119.936,1.39752,0.496884,0.00464922,GRIPPING
11.9524,0.196664,0,120.108,1.39967,0.497698,0.00495935,GRIPPING
11.9691,0.200843,0,120.293,1.40197,0.498564,0.00528257,GRIPPING
11.9858,0.205025,0,120.49,1.40441,0.499486,0.00561976,GRIPPING
12.0025,0.209206,0,120.7,1.407,0.500466,0.00597086,GRIPPING
12.0193,0.213389,0,120.923,1.40976,0.501506,0.00633651,GRIPPING
12.036,0.217568,0,121.16,1.41269,0.502607,0.00671641,GRIPPING
12.0527,0.22175,0,121.412,1.4158,0.503775,0.00711147,GRIPPING
12.0694,0.22593,0,121.679,1.41908,0.505008,0.0075215,GRIPPING
12.0862,0.230113,0,121.961,1.42256,0.506313,0.00794725,GRIPPING
12.1029,0.234292,0,122.26,1.42623,0.507688,0.00838843,GRIPPING
12.1196,0.238479,0,122.576,1.43011,0.509142,0.00884644,GRIPPING
12.1364,0.242663,0,122.909,1.4342,0.510672,0.00932045,GRIPPING
12.1531,0.246843,0,123.261,1.43851,0.512281,0.00981069,GRIPPING
12.1698,0.25103,0,123.631,1.44304,0.513976,0.0103187,GRIPPING
12.1866,0.255213,0,124.021,1.44782,0.515756,0.0108433,GRIPPING
12.2033,0.259397,0,124.431,1.45283,0.517626,0.0113857,GRIPPING
12.22,0.263576,0,124.862,1.4581,0.519584,0.0119451,GRIPPING
12.2367,0.267757,0,125.315,1.46362,0.521639,0.0125227,GRIPPING
12.2535,0.271944,0,125.789,1.4694,0.523795,0.0131197,GRIPPING
12.2703,0.27614,0,126.286,1.47548,0.526056,0.0137365,GRIPPING
12.287,0.28032,0,126.808,1.48185,0.528413,0.0143701,GRIPPING
12.3038,0.284509,0,127.356,1.48849,0.530883,0.0150241,GRIPPING
12.3205,0.288689,0,127.926,1.49544,0.533457,0.0156962,GRIPPING
12.3372,0.292877,0,128.524,1.5027,0.536151,0.0163895,GRIPPING
12.3539,0.297056,0,129.147,1.51028,0.538955,0.0171013,GRIPPING
12.3707,0.301242,0,129.799,1.51818,0.541884,0.0178347,GRIPPING
12.3874,0.305421,0,130.478,1.52644,0.544933,0.0185876,GRIPPING
12.4041,0.309603,0,131.188,1.53502,0.54811,0.0193616,GRIPPING
12.4208,0.313783,0,131.926,1.54397,0.551416,0.0201566,GRIPPING
12.4376,0.317962,0,132.695,1.55328,0.554855,0.0209729,GRIPPING
12.4543,0.322143,0,133.495,1.56297,0.558434,0.0218114,GRIPPING
12.471,0.326323,0,134.328,1.57305,0.562153,0.0226717,GRIPPING
12.4879,0.330534,0,135.194,1.58353,0.566046,0.0235608,GRIPPING
12.5047,0.334741,0,136.094,1.59449,0.570086,0.0244722,GRIPPING
12.5214,0.338921,0,137.037,1.60588,0.574251,0.0254005,GRIPPING
12.5381,0.343102,0,138.015,1.61761,0.578575,0.0263523,GRIPPING
12.555,0.347309,0,139.023,1.62979,0.583088,0.0273338,GRIPPING
12.5717,0.351496,0,140.07,1.6425,0.587743,0.0283345,GRIPPING
12.5884,0.35568,0,141.163,1.65561,0.592563,0.0293585,GRIPPING
12.6052,0.359859,0,142.29,1.66919,0.597549,0.0304057,GRIPPING
12.622,0.36406,0,143.457,1.68324,0.602739,0.0314831,GRIPPING
12.6388,0.368268,0,144.664,1.69786,0.60812,0.0325877,GRIPPING
12.6555,0.372447,0,145.92,1.71301,0.613647,0.0337097,GRIPPING
12.6722,0.376628,0,147.223,1.72858,0.619367,0.034858,GRIPPING
12.689,0.38081,0,148.561,1.7447,0.62528,0.0360322,GRIPPING
12.7057,0.34728,0,149.946,1.76135,0.629774,0.027326,GRIPPING
12.7224,0.313842,0,151.377,1.77401,0.633082,0.0201664,GRIPPING
12.7392,0.280326,0,152.465,1.78333,0.635444,0.0143688,GRIPPING
12.7559,0.246876,0,153.266,1.78998,0.637054,0.00981205,GRIPPING
12.7727,0.213272,0,153.838,1.79452,0.638096,0.00632326,GRIPPING
12.7896,0.179566,0,154.228,1.79745,0.63872,0.00377105,GRIPPING
12.8063,0.14607,0,154.48,1.79921,0.639053,0.00202642,GRIPPING
12.823,0.112628,0,154.631,1.80015,0.639204,0.000924859,GRIPPING
12.8399,0.0789524,0,154.711,1.80058,0.639256,0.000313651,GRIPPING
12.8566,0.0831209,0,154.748,1.80072,0.639316,0.000367256,GRIPPING
12.8733,0.0873077,0,154.761,1.80089,0.639386,0.000426788,GRIPPING
12.89,0.0914857,0,154.775,1.80109,0.639467,0.000492169,GRIPPING
12.9067,0.0956662,0,154.792,1.80132,0.63956,0.000563847,GRIPPING
12.9235,0.0998469,0,154.812,1.80158,0.639665,0.000642077,GRIPPING
12.9402,0.104032,0,154.834,1.80187,0.639784,0.000727224,GRIPPING
12.9569,0.10821,0,154.86,1.80221,0.639919,0.000819368,GRIPPING
12.9736,0.11239,0,154.889,1.80259,0.640069,0.000918928,GRIPPING
12.9904,0.116577,0,154.921,1.80301,0.640238,0.00102638,GRIPPING
13.0071,0.0831492,0,154.958,1.80349,0.640298,0.000367615,GRIPPING
13.0238,0.0497112,0,154.998,1.80366,0.61889,-0.130528,GRIPPING
13.0406,0,0,155.013,1.74335,0.597431,-0.130528,GRIPPING
13.0573,0,0,149.83,1.68291,0.576,-0.130527,GRIPPING
13.074,0,0,144.635,1.62254,0.554596,-0.130527,GRIPPING
13.0908,0,0,139.447,1.56224,0.533178,-0.130527,GRIPPING
13.1075,0,0,134.265,1.50191,0.511738,-0.130526,GRIPPING
13.1242,0,0,129.08,1.44151,0.490307,-0.130526,GRIPPING
13.141,0,0,123.889,1.38115,0.490306,-4.42862e-06,GRIPPING
13.1578,0,0,118.701,1.38114,0.490305,-4.42861e-06,GRIPPING
13.1746,0,0,118.701,1.38114,0.490304,-4.4286e-06,GRIPPING
13.1913,0,0,118.7,1.38114,0.490304,-4.42859e-06,GRIPPING
13.208,0,0,118.7,1.38114,0.490303,-4.42857e-06,GRIPPING
13.2248,0,0,118.7,1.38113,0.490302,-4.42856e-06,GRIPPING
13.2415,0,0,118.7,1.38113,0.490301,-4.42855e-06,GRIPPING
13.2583,0,0,118.7,1.38113,0.490301,-4.42853e-06,GRIPPING
13.275,0,0,118.7,1.38113,0.4903,-4.42852e-06,GRIPPING
13.2917,0,0,118.699,1.38113,0.490299,-4.42851e-06,GRIPPING
13.3085,0,0,118.699,1.38112,0.490299,-4.42849e-06,GRIPPING
13.3252,0,0,118.699,1.38112,0.490298,-4.42848e-06,GRIPPING
13.3419,0,0,118.699,1.38112,0.490297,-4.42847e-06,GRIPPING
13.3586,0,0,118.699,1.38112,0.490296,-4.42846e-06,GRIPPING
13.3753,0,0,118.699,1.38112,0.490296,-4.42844e-06,GRIPPING
13.3921,0,0,118.698,1.38111,0.490295,-4.42843e-06,GRIPPING
13.4088,0,0,118.698,1.38111,0.490294,-4.42842e-06,GRIPPING
13.4256,0,0,118.698,1.38111,0.490294,-4.4284e-06,GRIPPING
13.4424,0,0,118.698,1.38111,0.490293,-4.42839e-06,GRIPPING
13.4591,0,0,118.698,1.38111,0.490292,-4.42838e-06,GRIPPING
13.4759,0,0,118.697,1.3811,0.490291,-4.42836e-06,GRIPPING
13.4926,0,0,118.697,1.3811,0.490291,-4.42835e-06,GRIPPING
13.5094,0,0,118.697,1.3811,0.49029,-4.42834e-06,GRIPPING
13.5262,0,0,118.697,1.3811,0.490289,-4.42833e-06,GRIPPING
13.5429,0,0,118.697,1.3811,0.490289,-4.42831e-06,GRIPPING
13.5597,0,0,118.697,1.38109,0.490288,-4.4283e-06,GRIPPING
13.5764,0,0,118.696,1.38109,0.490287,-4.42829e-06,GRIPPING
13.5931,0,0,118.696,1.38109,0.490286,-4.42827e-06,GRIPPING
13.6099,0,0,118.696,1.38109,0.490286,-4.42826e-06,GRIPPING
13.6267,0,0,118.696,1.38109,0.490285,-4.42825e-06,GRIPPING
13.6434,0,0,118.696,1.38108,0.490284,-4.42824e-06,GRIPPING
13.6602,0,0,118.696,1.38108,0.490284,-4.42822e-06,GRIPPING
13.6769,0,0,118.695,1.38108,0.490283,-4.42821e-06,GRIPPING
13.6937,0,0,118.695,1.38108,0.490282,-4.4282e-06,GRIPPING
13.7104,0,0,118.695,1.38108,0.490281,-4.42818e-06,GRIPPING
13.7272,0,0,118.695,1.38107,0.490281,-4.42817e-06,GRIPPING
13.7439,0,0,118.695,1.38107,0.49028,-4.42816e-06,GRIPPING
13.7606,0,0,118.695,1.38107,0.490279,-4.42815e-06,GRIPPING
13.7773,0,0,118.694,1.38107,0.490279,-4.42813e-06,GRIPPING
13.7941,0,0,118.694,1.38107,0.490278,-4.42812e-06,GRIPPING
13.8108,0,0,118.694,1.38106,0.490277,-4.42811e-06,GRIPPING
13.8276,0,0,118.694,1.38106,0.490276,-4.42809e-06,GRIPPING
13.8443,0,0,118.694,1.38106,0.490276,-4.42808e-06,GRIPPING
13.861,0,0,118.693,1.38106,0.490275,-4.42807e-06,GRIPPING
13.8778,0,0,118.693,1.38106,0.490274,-4.42806e-06,GRIPPING
13.8945,0,0,118.693,1.38105,0.490274,-4.42804e-06,GRIPPING
13.9112,0,0,118.693,1.38105,0.490273,-4.42803e-06,GRIPPING
13.928,0,0,118.693,1.38105,0.490272,-4.42802e-06,GRIPPING
13.9447,0,0,118.693,1.38105,0.490271,-4.428e-06,GRIPPING
13.9614,0,0,118.692,1.38105,0.490271,-4.42799e-06,GRIPPING
13.9782,0,0,118.692,1.38104,0.49027,-4.42798e-06,GRIPPING
13.9949,0,0,118.692,1.38104,0.490269,-4.42796e-06,GRIPPING
14.0117,0,0,118.692,1.38104,0.490269,-4.42795e-06,GRIPPING
14.0284,0,0,118.692,1.38104,0.490268,-4.42794e-06,GRIPPING
14.0452,0,0,118.692,1.38104,0.490267,-4.42793e-06,GRIPPING
14.0619,0,0,118.691,1.38103,0.490266,-4.42791e-06,GRIPPING
14.0786,0,0,118.691,1.38103,0.490266,-4.4279e-06,GRIPPING
14.0953,0,0,118.691,1.38103,0.490265,-4.42789e-06,GRIPPING
14.1121,0,0,118.691,1.38103,0.490264,-4.42787e-06,GRIPPING
14.1288,0,0,118.691,1.38103,0.490264,-4.42786e-06,GRIPPING
14.1455,0,0,118.691,1.38102,0.490263,-4.42785e-06,GRIPPING
14.1623,0,0,118.69,1.38102,0.490262,-4.42784e-06,GRIPPING
14.179,0,0,118.69,1.38102,0.490261,-4.42782e-06,GRIPPING
14.1957,0,0,118.69,1.38102,0.490261,-4.42781e-06,GRIPPING
14.2125,0,0,118.69,1.38102,0.49026,-4.4278e-06,GRIPPING
14.2293,0,0,118.69,1.38101,0.490259,-4.42778e-06,GRIPPING
14.246,0,0,118.69,1.38101,0.490259,-4.42777e-06,GRIPPING
14.2627,0,0,118.689,1.38101,0.490258,-4.42776e-06,GRIPPING
14.2794,0,0,118.689,1.38101,0.490257,-4.42775e-06,GRIPPING
14.2962,0,0,118.689,1.38101,0.490256,-4.42773e-06,GRIPPING
14.3129,0,0,118.689,1.381,0.490256,-4.42772e-06,GRIPPING
14.3296,0,0,118.689,1.381,0.490255,-4.42771e-06,GRIPPING
14.3464,0,0,118.688,1.381,0.490254,-4.42769e-06,GRIPPING
14.3631,0,0,118.688,1.381,0.490254,-4.42768e-06,GRIPPING
14.3798,0,0,118.688,1.381,0.490253,-4.42767e-06,GRIPPING
14.3966,0,0,118.688,1.38099,0.490252,-4.42765e-06,GRIPPING
14.4134,0,0,118.688,1.38099,0.490251,-4.42764e-06,GRIPPING
14.4301,0,0,118.688,1.38099,0.490251,-4.42763e-06,GRIPPING
14.4468,0,0,118.687,1.38099,0.49025,-4.42762e-06,GRIPPING
14.4636,0,0,118.687,1.38099,0.490249,-4.4276e-06,GRIPPING
14.4804,0,0,118.687,1.38098,0.490249,-4.42759e-06,GRIPPING
14.4971,0,0,118.687,1.38098,0.490248,-4.42758e-06,GRIPPING
14.5138,0,0,118.687,1.38098,0.490247,-4.42756e-06,GRIPPING
14.5306,0,0,118.687,1.38098,0.490246,-4.42755e-06,GRIPPING
14.5474,0,0,118.686,1.38098,0.490246,-4.42754e-06,GRIPPING
14.5641,0,0,118.686,1.38097,0.490245,-4.42752e-06,GRIPPING
14.5809,0,0,118.686,1.38097,0.490244,-4.42751e-06,GRIPPING
14.5976,0,0,118.686,1.38097,0.490243,-4.4275e-06,GRIPPING
14.6144,0,0,118.686,1.38097,0.490243,-4.42749e-06,GRIPPING
14.6311,0,0,118.686,1.38097,0.490242,-4.42747e-06,GRIPPING
14.6478,0,0,118.685,1.38096,0.490241,-4.42746e-06,GRIPPING
14.6645,0,0,118.685,1.38096,0.490241,-4.42745e-06,GRIPPING
14.6813,0,0,118.685,1.38096,0.49024,-4.42743e-06,GRIPPING
14.698,0,0,118.685,1.38096,0.490239,-4.42742e-06,GRIPPING
14.7148,0,0,118.685,1.38096,0.490238,-4.42741e-06,GRIPPING
14.7315,0,0,118.684,1.38095,0.490238,-4.4274e-06,GRIPPING
14.7483,0,0,118.684,1.38095,0.490237,-4.42738e-06,GRIPPING
14.765,0,0,118.684,1.38095,0.490236,-4.42737e-06,GRIPPING
14.7817,0,0,118.684,1.38095,0.490236,-4.42736e-06,GRIPPING
14.7985,0,0,118.684,1.38095,0.490235,-4.42734e-06,GRIPPING
14.8152,0,0,118.684,1.38094,0.490234,-4.42733e-06,GRIPPING
14.8319,0,0,118.683,1.38094,0.490233,-4.42732e-06,GRIPPING
14.8487,0,0,118.683,1.38094,0.490233,-4.4273e-06,GRIPPING
14.8654,0,0,118.683,1.38094,0.490232,-4.42729e-06,GRIPPING
14.8822,0,0,118.683,1.38094,0.490231,-4.42728e-06,GRIPPING
14.8989,0,0,118.683,1.38093,0.490231,-4.42727e-06,GRIPPING
14.9156,0,0,118.683,1.38093,0.49023,-4.42725e-06,GRIPPING
14.9324,0,0,118.682,1.38093,0.490229,-4.42724e-06,GRIPPING
14.9491,0,0,118.682,1.38093,0.490228,-4.42723e-06,GRIPPING
14.9658,0,0,118.682,1.38093,0.490228,-4.42721e-06,GRIPPING
14.9825,0,0,118.682,1.38092,0.490227,-4.4272e-06,GRIPPING
14.9993,0,0,118.682,1.38092,0.490226,-4.42719e-06,GRIPPING
15.016,0,0,118.682,1.38092,0.490226,-4.42718e-06,GRIPPING
15.0327,0,0,118.681,1.38092,0.490225,-4.42716e-06,GRIPPING
15.0494,0,0,118.681,1.38092,0.490224,-4.42715e-06,GRIPPING
15.0662,0,0,118.681,1.38091,0.490223,-4.42714e-06,GRIPPING
15.0829,0,0,118.681,1.38091,0.490223,-4.42712e-06,GRIPPING
15.0996,0,0,118.681,1.38091,0.490222,-4.42711e-06,GRIPPING
15.1165,0,0,118.68,1.38091,0.490221,-4.4271e-06,GRIPPING
15.1333,0,0,118.68,1.38091,0.490221,-4.42708e-06,GRIPPING
15.15,0,0,118.68,1.3809,0.49022,-4.42707e-06,GRIPPING
15.1667,0,0,118.68,1.3809,0.490219,-4.42706e-06,GRIPPING
15.1835,0,0,118.68,1.3809,0.490218,-4.42705e-06,GRIPPING
15.2002,0,0,118.68,1.3809,0.490218,-4.42703e-06,GRIPPING
15.217,0,0,118.679,1.3809,0.490217,-4.42702e-06,GRIPPING
15.2338,0,0,118.679,1.38089,0.490216,-4.42701e-06,GRIPPING
15.2505,0,0,118.679,1.38089,0.490216,-4.42699e-06,GRIPPING
15.2672,0,0,118.679,1.38089,0.490215,-4.42698e-06,GRIPPING
15.284,0,0,118.679,1.38089,0.490214,-4.42697e-06,GRIPPING
15.3007,0,0,118.679,1.38088,0.490213,-4.42696e-06,GRIPPING
15.3174,0,0,118.678,1.38088,0.490213,-4.42694e-06,GRIPPING
15.3341,0,0,118.678,1.38088,0.490212,-4.42693e-06,GRIPPING
15.3509,0,0,118.678,1.38088,0.490211,-4.42692e-06,GRIPPING
15.3676,0,0,118.678,1.38088,0.490211,-4.4269e-06,GRIPPING
15.3843,0,0,118.678,1.38087,0.49021,-4.42689e-06,GRIPPING
15.4011,0,0,118.678,1.38087,0.490209,-4.42688e-06,GRIPPING
15.4178,0,0,118.677,1.38087,0.490208,-4.42686e-06,GRIPPING
15.4345,0,0,118.677,1.38087,0.490208,-4.42685e-06,GRIPPING
15.4513,0,0,118.677,1.38087,0.490207,-4.42684e-06,GRIPPING
15.468,0,0,118.677,1.38086,0.490206,-4.42683e-06,GRIPPING
15.4847,0,0,118.677,1.38086,0.490206,-4.42681e-06,GRIPPING
15.5015,0,0,118.677,1.38086,0.490205,-4.4268e-06,GRIPPING
15.5182,0,0,118.676,1.38086,0.490204,-4.42679e-06,GRIPPING
15.5349,0,0,118.676,1.38086,0.490203,-4.42677e-06,GRIPPING
15.5517,0,0,118.676,1.38085,0.490203,-4.42676e-06,GRIPPING
15.5684,0,0,118.676,1.38085,0.490202,-4.42675e-06,GRIPPING
15.5851,0,0,118.676,1.38085,0.490201,-4.42674e-06,GRIPPING
15.6018,0,0,118.675,1.38085,0.490201,-4.42672e-06,GRIPPING
15.6185,0,0,118.675,1.38085,0.4902,-4.42671e-06,GRIPPING
15.6353,0,0,118.675,1.38084,0.490199,-4.4267e-06,GRIPPING
15.652,0,0,118.675,1.38084,0.490198,-4.42668e-06,GRIPPING
15.6687,0,0,118.675,1.38084,0.490198,-4.42667e-06,GRIPPING
15.6855,0,0,118.675,1.38084,0.490197,-4.42666e-06,GRIPPING
15.7022,0,0,118.674,1.38084,0.490196,-4.42665e-06,GRIPPING
15.7189,0,0,118.674,1.38083,0.490196,-4.42663e-06,GRIPPING
15.7356,0,0,118.674,1.38083,0.490195,-4.42662e-06,GRIPPING
15.7524,0,0,118.674,1.38083,0.490194,-4.42661e-06,GRIPPING
15.7691,0,0,118.674,1.38083,0.490193,-4.42659e-06,GRIPPING
15.7858,0,0,118.674,1.38083,0.490193,-4.42658e-06,GRIPPING
15.8025,0,0,118.673,1.38082,0.490192,-4.42657e-06,GRIPPING
15.8193,0,0,118.673,1.38082,0.490191,-4.42655e-06,GRIPPING
15.836,0,0,118.673,1.38082,0.490191,-4.42654e-06,GRIPPING
15.8527,0,0,118.673,1.38082,0.49019,-4.42653e-06,GRIPPING
15.8694,0,0,118.673,1.38082,0.490189,-4.42652e-06,GRIPPING
15.8862,0,0,118.673,1.38081,0.490188,-4.4265e-06,GRIPPING
15.9029,0,0,118.672,1.38081,0.490188,-4.42649e-06,GRIPPING
15.9196,0,0,118.672,1.38081,0.490187,-4.42648e-06,GRIPPING
15.9364,0,0,118.672,1.38081,0.490186,-4.42646e-06,GRIPPING
15.9531,0,0,118.672,1.38081,0.490186,-4.42645e-06,GRIPPING
15.9698,0,0,118.672,1.3808,0.490185,-4.42644e-06,GRIPPING
15.9865,0,0,118.671,1.3808,0.490184,-4.42643e-06,GRIPPING
16.0033,0,0,118.671,1.3808,0.490183,-4.42641e-06,GRIPPING
16.02,0,0,118.671,1.3808,0.490183,-4.4264e-06,GRIPPING
16.0368,0,0,118.671,1.3808,0.490182,-4.42639e-06,GRIPPING
16.0535,0,0,118.671,1.38079,0.490181,-4.42637e-06,GRIPPING
16.0703,0,0,118.671,1.38079,0.490181,-4.42636e-06,GRIPPING
16.087,0,0,118.67,1.38079,0.49018,-4.42635e-06,GRIPPING
16.1037,0,0,118.67,1.38079,0.490179,-4.42634e-06,GRIPPING
16.1205,0,0,118.67,1.38079,0.490178,-4.42632e-06,GRIPPING
16.1372,0,0,118.67,1.38078,0.490178,-4.42631e-06,GRIPPING
16.1539,0,0,118.67,1.38078,0.490177,-4.4263e-06,GRIPPING
16.1707,0,0,118.67,1.38078,0.490176,-4.42628e-06,GRIPPING
16.1874,0,0,118.669,1.38078,0.490176,-4.42627e-06,GRIPPING
16.2042,0,0,118.669,1.38078,0.490175,-4.42626e-06,GRIPPING
16.2209,0,0,118.669,1.38077,0.490174,-4.42624e-06,GRIPPING
16.2376,0,0,118.669,1.38077,0.490173,-4.42623e-06,GRIPPING
16.2543,0,0,118.669,1.38077,0.490173,-4.42622e-06,GRIPPING
16.2711,0,0,118.669,1.38077,0.490172,-4.42621e-06,GRIPPING
16.2878,0,0,118.668,1.38077,0.490171,-4.42619e-06,GRIPPING
16.3046,0,0,118.668,1.38076,0.490171,-4.42618e-06,GRIPPING
16.3214,0,0,118.668,1.38076,0.49017,-4.42617e-06,GRIPPING
16.3381,0,0,118.668,1.38076,0.490169,-4.42615e-06,GRIPPING
16.3548,0,0,118.668,1.38076,0.490168,-4.42614e-06,GRIPPING
16.3717,0,0,118.668,1.38076,0.490168,-4.42613e-06,GRIPPING
16.3884,0,0,118.667,1.38075,0.490167,-4.42612e-06,GRIPPING
16.4051,0,0,118.667,1.38075,0.490166,-4.4261e-06,GRIPPING
16.4219,0,0,118.667,1.38075,0.490165,-4.42609e-06,GRIPPING
16.4387,0,0,118.667,1.38075,0.490165,-4.42608e-06,GRIPPING
16.4555,0,0,118.667,1.38075,0.490164,-4.42606e-06,GRIPPING
16.4722,0,0,118.666,1.38074,0.490163,-4.42605e-06,GRIPPING
16.4889,0,0,118.666,1.38074,0.490163,-4.42604e-06,GRIPPING
16.5056,0,0,118.666,1.38074,0.490162,-4.42603e-06,GRIPPING
16.5224,0,0,118.666,1.38074,0.490161,-4.42601e-06,GRIPPING
16.5391,0,0,118.666,1.38074,0.49016,-4.426e-06,GRIPPING
16.5558,0,0,118.666,1.38073,0.49016,-4.42599e-06,GRIPPING
16.5725,0,0,118.665,1.38073,0.490159,-4.42597e-06,GRIPPING
16.5893,0,0,118.665,1.38073,0.490158,-4.42596e-06,GRIPPING
16.606,0,0,118.665,1.38073,0.490158,-4.42595e-06,GRIPPING
16.6227,0,0,118.665,1.38073,0.490157,-4.42593e-06,GRIPPING
16.6394,0,0,118.665,1.38072,0.490156,-4.42592e-06,GRIPPING
16.6562,0,0,118.665,1.38072,0.490155,-4.42591e-06,GRIPPING
16.6729,0,0,118.664,1.38072,0.490155,-4.4259e-06,GRIPPING
16.6896,0,0,118.664,1.38072,0.490154,-4.42588e-06,GRIPPING
16.7064,0,0,118.664,1.38072,0.490153,-4.42587e-06,GRIPPING
16.7231,0,0,118.664,1.38071,0.490153,-4.42586e-06,GRIPPING
16.7398,0,0,118.664,1.38071,0.490152,-4.42584e-06,GRIPPING
16.7566,0,0,118.664,1.38071,0.490151,-4.42583e-06,GRIPPING
16.7733,0,0,118.663,1.38071,0.49015,-4.42582e-06,GRIPPING
16.79,0,0,118.663,1.38071,0.49015,-4.4258e-06,GRIPPING
16.8067,0,0,118.663,1.3807,0.490149,-4.42579e-06,GRIPPING
16.8235,0,0,118.663,1.3807,0.490148,-4.42578e-06,GRIPPING
16.8402,0,0,118.663,1.3807,0.490148,-4.42577e-06,GRIPPING
16.8569,0,0,118.662,1.3807,0.490147,-4.42575e-06,GRIPPING
16.8736,0,0,118.662,1.3807,0.490146,-4.42574e-06,GRIPPING
16.8904,0,0,118.662,1.38069,0.490145,-4.42573e-06,GRIPPING
16.9071,0,0,118.662,1.38069,0.490145,-4.42571e-06,GRIPPING
16.9238,0,0,118.662,1.38069,0.490144,-4.4257e-06,GRIPPING
16.9405,0,0,118.662,1.38069,0.490143,-4.42569e-06,GRIPPING
16.9573,0,0,118.661,1.38069,0.490143,-4.42568e-06,GRIPPING
16.974,0,0,118.661,1.38068,0.490142,-4.42566e-06,GRIPPING
16.9908,0,0,118.661,1.38068,0.490141,-4.42565e-06,GRIPPING
17.0075,0,0,118.661,1.38068,0.49014,-4.42564e-06,GRIPPING
17.0242,0,0,118.661,1.38068,0.49014,-4.42562e-06,GRIPPING
17.041,0,0,118.661,1.38068,0.490139,-4.42561e-06,GRIPPING
17.0578,0,0,118.66,1.38067,0.490138,-4.4256e-06,GRIPPING
17.0745,0,0,118.66,1.38067,0.490138,-4.42559e-06,GRIPPING
17.0912,0,0,118.66,1.38067,0.490137,-4.42557e-06,GRIPPING
17.108,0,0,118.66,1.38067,0.490136,-4.42556e-06,GRIPPING
17.1247,0,0,118.66,1.38067,0.490135,-4.42555e-06,GRIPPING
17.1414,0,0,118.66,1.38066,0.490135,-4.42553e-06,GRIPPING
17.1582,0,0,118.659,1.38066,0.490134,-4.42552e-06,GRIPPING
17.1749,0,0,118.659,1.38066,0.490133,-4.42551e-06,GRIPPING
17.1918,0,0,118.659,1.38066,0.490133,-4.42549e-06,GRIPPING
17.2085,0,0,118.659,1.38066,0.490132,-4.42548e-06,GRIPPING
17.2253,0,0,118.659,1.38065,0.490131,-4.42547e-06,GRIPPING
17.242,0,0,118.658,1.38065,0.49013,-4.42546e-06,GRIPPING
17.2588,0,0,118.658,1.38065,0.49013,-4.42544e-06,GRIPPING
17.2756,0,0,118.658,1.38065,0.490129,-4.42543e-06,GRIPPING
17.2923,0,0,118.658,1.38064,0.490128,-4.42542e-06,GRIPPING
17.309,0,0,118.658,1.38064,0.490128,-4.4254e-06,GRIPPING
17.3258,0,0,118.658,1.38064,0.490127,-4.42539e-06,GRIPPING
17.3426,0,0,118.657,1.38064,0.490126,-4.42538e-06,GRIPPING
17.3594,0,0,118.657,1.38064,0.490125,-4.42536e-06,GRIPPING
17.3761,0,0,118.657,1.38063,0.490125,-4.42535e-06,GRIPPING
17.3928,0,0,118.657,1.38063,0.490124,-4.42534e-06,GRIPPING
17.4095,0,0,118.657,1.38063,0.490123,-4.42533e-06,GRIPPING
17.4263,0,0,118.657,1.38063,0.490122,-4.42531e-06,GRIPPING
17.443,0,0,118.656,1.38063,0.490122,-4.4253e-06,GRIPPING
17.4597,0,0,118.656,1.38062,0.490121,-4.42529e-06,GRIPPING
17.4764,0,0,118.656,1.38062,0.49012,-4.42527e-06,GRIPPING
17.4932,0,0,118.656,1.38062,0.49012,-4.42526e-06,GRIPPING
17.5099,0,0,118.656,1.38062,0.490119,-4.42525e-06,GRIPPING
17.5266,0,0,118.656,1.38062,0.490118,-4.42524e-06,GRIPPING
17.5434,0,0,118.655,1.38061,0.490117,-4.42522e-06,GRIPPING
17.5601,0,0,118.655,1.38061,0.490117,-4.42521e-06,GRIPPING
17.5768,0,0,118.655,1.38061,0.490116,-4.4252e-06,GRIPPING
17.5935,0,0,118.655,1.38061,0.490115,-4.42518e-06,GRIPPING
17.6103,0,0,118.655,1.38061,0.490115,-4.42517e-06,GRIPPING
17.627,0,0,118.654,1.3806,0.490114,-4.42516e-06,GRIPPING
17.6437,0,0,118.654,1.3806,0.490113,-4.42515e-06,GRIPPING
17.6605,0,0,118.654,1.3806,0.490112,-4.42513e-06,GRIPPING
17.6772,0,0,118.654,1.3806,0.490112,-4.42512e-06,GRIPPING
17.694,0,0,118.654,1.3806,0.490111,-4.42511e-06,GRIPPING
17.7107,0,0,118.654,1.38059,0.49011,-4.42509e-06,GRIPPING
17.7275,0,0,118.653,1.38059,0.49011,-4.42508e-06,GRIPPING
17.7442,0,0,118.653,1.38059,0.490109,-4.42507e-06,GRIPPING
17.7609,0,0,118.653,1.38059,0.490108,-4.42506e-06,GRIPPING
17.7777,0,0,118.653,1.38059,0.490107,-4.42504e-06,GRIPPING
17.7945,0,0,118.653,1.38058,0.490107,-4.42503e-06,GRIPPING
17.8112,0,0,118.653,1.38058,0.490106,-4.42502e-06,GRIPPING
17.8279,0,0,118.652,1.38058,0.490105,-4.425e-06,GRIPPING
17.8447,0,0,118.652,1.38058,0.490105,-4.42499e-06,GRIPPING
17.8614,0,0,118.652,1.38058,0.490104,-4.42498e-06,GRIPPING
17.8781,0,0,118.652,1.38057,0.490103,-4.42496e-06,GRIPPING
17.8948,0,0,118.652,1.38057,0.490102,-4.42495e-06,GRIPPING
17.9116,0,0,118.652,1.38057,0.490102,-4.42494e-06,GRIPPING
17.9283,0,0,118.651,1.38057,0.490101,-4.42493e-06,GRIPPING
17.945,0,0,118.651,1.38057,0.4901,-4.42491e-06,GRIPPING
17.9617,0,0,118.651,1.38056,0.4901,-4.4249e-06,GRIPPING
17.9785,0,0,118.651,1.38056,0.490099,-4.42489e-06,GRIPPING
17.9952,0,0,118.651,1.38056,0.490098,-4.42487e-06,GRIPPING
18.012,0,0,118.651,1.38056,0.490097,-4.42486e-06,GRIPPING
18.0287,0,0,118.65,1.38056,0.490097,-4.42485e-06,GRIPPING
18.0454,0,0,118.65,1.38055,0.490096,-4.42484e-06,GRIPPING
18.0621,0,0,118.65,1.38055,0.490095,-4.42482e-06,GRIPPING
18.0789,0,0,118.65,1.38055,0.490095,-4.42481e-06,GRIPPING
18.0956,0,0,118.65,1.38055,0.490094,-4.4248e-06,GRIPPING
18.1123,0,0,118.649,1.38055,0.490093,-4.42478e-06,GRIPPING
18.129,0,0,118.649,1.38054,0.490092,-4.42477e-06,GRIPPING
18.1458,0,0,118.649,1.38054,0.490092,-4.42476e-06,GRIPPING
18.1625,0,0,118.649,1.38054,0.490091,-4.42474e-06,GRIPPING
18.1792,0,0,118.649,1.38054,0.49009,-4.42473e-06,GRIPPING
18.196,0,0,118.649,1.38054,0.49009,-4.42472e-06,GRIPPING
18.2127,0,0,118.648,1.38053,0.490089,-4.42471e-06,GRIPPING
18.2294,0,0,118.648,1.38053,0.490088,-4.42469e-06,GRIPPING
18.2461,0,0,118.648,1.38053,0.490087,-4.42468e-06,GRIPPING
18.2629,0,0,118.648,1.38053,0.490087,-4.42467e-06,GRIPPING
18.2796,0,0,118.648,1.38053,0.490086,-4.42465e-06,GRIPPING
18.2964,0,0,118.648,1.38052,0.490085,-4.42464e-06,GRIPPING
18.3131,0,0,118.647,1.38052,0.490085,-4.42463e-06,GRIPPING
18.3298,0,0,118.647,1.38052,0.490084,-4.42462e-06,GRIPPING
18.3466,0,0,118.647,1.38052,0.490083,-4.4246e-06,GRIPPING
18.3633,0,0,118.647,1.38052,0.490082,-4.42459e-06,GRIPPING
18.38,0,0,118.647,1.38051,0.490082,-4.42458e-06,GRIPPING
18.3968,0,0,118.647,1.38051,0.490081,-4.42456e-06,GRIPPING
18.4135,0,0,118.646,1.38051,0.49008,-4.42455e-06,GRIPPING
18.4302,0,0,118.646,1.38051,0.49008,-4.42454e-06,GRIPPING
18.447,0,0,118.646,1.38051,0.490079,-4.42453e-06,GRIPPING
18.4637,0,0,118.646,1.3805,0.490078,-4.42451e-06,GRIPPING
18.4804,0,0,118.646,1.3805,0.490077,-4.4245e-06,GRIPPING
18.4972,0,0,118.645,1.3805,0.490077,-4.42449e-06,GRIPPING
18.5139,0,0,118.645,1.3805,0.490076,-4.42447e-06,GRIPPING
